[
    {
        "value": "江西省",
        "label": "江西省",
        "children": [
            {
                "value": "南昌市",
                "label": "南昌市",
                "children": [
                    {
                        "value": "东湖区",
                        "label": "东湖区"
                    },
                    {
                        "value": "西湖区",
                        "label": "西湖区"
                    },
                    {
                        "value": "青云谱区",
                        "label": "青云谱区"
                    },
                    {
                        "value": "湾里区",
                        "label": "湾里区"
                    },
                    {
                        "value": "青山湖区",
                        "label": "青山湖区"
                    },
                    {
                        "value": "新建区",
                        "label": "新建区"
                    },
                    {
                        "value": "南昌县",
                        "label": "南昌县"
                    },
                    {
                        "value": "安义县",
                        "label": "安义县"
                    },
                    {
                        "value": "进贤县",
                        "label": "进贤县"
                    }
                ]
            },
            {
                "value": "景德镇市",
                "label": "景德镇市",
                "children": [
                    {
                        "value": "昌江区",
                        "label": "昌江区"
                    },
                    {
                        "value": "珠山区",
                        "label": "珠山区"
                    },
                    {
                        "value": "浮梁县",
                        "label": "浮梁县"
                    },
                    {
                        "value": "乐平市",
                        "label": "乐平市"
                    }
                ]
            },
            {
                "value": "萍乡市",
                "label": "萍乡市",
                "children": [
                    {
                        "value": "安源区",
                        "label": "安源区"
                    },
                    {
                        "value": "湘东区",
                        "label": "湘东区"
                    },
                    {
                        "value": "莲花县",
                        "label": "莲花县"
                    },
                    {
                        "value": "上栗县",
                        "label": "上栗县"
                    },
                    {
                        "value": "芦溪县",
                        "label": "芦溪县"
                    }
                ]
            },
            {
                "value": "九江市",
                "label": "九江市",
                "children": [
                    {
                        "value": "濂溪区",
                        "label": "濂溪区"
                    },
                    {
                        "value": "浔阳区",
                        "label": "浔阳区"
                    },
                    {
                        "value": "柴桑区",
                        "label": "柴桑区"
                    },
                    {
                        "value": "武宁县",
                        "label": "武宁县"
                    },
                    {
                        "value": "修水县",
                        "label": "修水县"
                    },
                    {
                        "value": "永修县",
                        "label": "永修县"
                    },
                    {
                        "value": "德安县",
                        "label": "德安县"
                    },
                    {
                        "value": "都昌县",
                        "label": "都昌县"
                    },
                    {
                        "value": "湖口县",
                        "label": "湖口县"
                    },
                    {
                        "value": "彭泽县",
                        "label": "彭泽县"
                    },
                    {
                        "value": "瑞昌市",
                        "label": "瑞昌市"
                    },
                    {
                        "value": "共青城市",
                        "label": "共青城市"
                    }
                ]
            },
            {
                "value": "新余市",
                "label": "新余市",
                "children": [
                    {
                        "value": "渝水区",
                        "label": "渝水区"
                    },
                    {
                        "value": "分宜县",
                        "label": "分宜县"
                    }
                ]
            },
            {
                "value": "鹰潭市",
                "label": "鹰潭市",
                "children": [
                    {
                        "value": "月湖区",
                        "label": "月湖区"
                    },
                    {
                        "value": "余江区",
                        "label": "余江区"
                    },
                    {
                        "value": "贵溪市",
                        "label": "贵溪市"
                    }
                ]
            },
            {
                "value": "赣州市",
                "label": "赣州市",
                "children": [
                    {
                        "value": "章贡区",
                        "label": "章贡区"
                    },
                    {
                        "value": "南康区",
                        "label": "南康区"
                    },
                    {
                        "value": "赣县",
                        "label": "赣县"
                    },
                    {
                        "value": "信丰县",
                        "label": "信丰县"
                    },
                    {
                        "value": "大余县",
                        "label": "大余县"
                    },
                    {
                        "value": "上犹县",
                        "label": "上犹县"
                    },
                    {
                        "value": "崇义县",
                        "label": "崇义县"
                    },
                    {
                        "value": "安远县",
                        "label": "安远县"
                    },
                    {
                        "value": "龙南县",
                        "label": "龙南县"
                    },
                    {
                        "value": "定南县",
                        "label": "定南县"
                    },
                    {
                        "value": "全南县",
                        "label": "全南县"
                    },
                    {
                        "value": "宁都县",
                        "label": "宁都县"
                    },
                    {
                        "value": "于都县",
                        "label": "于都县"
                    },
                    {
                        "value": "兴国县",
                        "label": "兴国县"
                    },
                    {
                        "value": "会昌县",
                        "label": "会昌县"
                    },
                    {
                        "value": "寻乌县",
                        "label": "寻乌县"
                    },
                    {
                        "value": "石城县",
                        "label": "石城县"
                    },
                    {
                        "value": "瑞金市",
                        "label": "瑞金市"
                    }
                ]
            },
            {
                "value": "吉安市",
                "label": "吉安市",
                "children": [
                    {
                        "value": "吉州区",
                        "label": "吉州区"
                    },
                    {
                        "value": "青原区",
                        "label": "青原区"
                    },
                    {
                        "value": "吉安县",
                        "label": "吉安县"
                    },
                    {
                        "value": "吉水县",
                        "label": "吉水县"
                    },
                    {
                        "value": "峡江县",
                        "label": "峡江县"
                    },
                    {
                        "value": "新干县",
                        "label": "新干县"
                    },
                    {
                        "value": "永丰县",
                        "label": "永丰县"
                    },
                    {
                        "value": "泰和县",
                        "label": "泰和县"
                    },
                    {
                        "value": "遂川县",
                        "label": "遂川县"
                    },
                    {
                        "value": "万安县",
                        "label": "万安县"
                    },
                    {
                        "value": "安福县",
                        "label": "安福县"
                    },
                    {
                        "value": "永新县",
                        "label": "永新县"
                    },
                    {
                        "value": "井冈山市",
                        "label": "井冈山市"
                    }
                ]
            },
            {
                "value": "宜春市",
                "label": "宜春市",
                "children": [
                    {
                        "value": "袁州区",
                        "label": "袁州区"
                    },
                    {
                        "value": "奉新县",
                        "label": "奉新县"
                    },
                    {
                        "value": "万载县",
                        "label": "万载县"
                    },
                    {
                        "value": "上高县",
                        "label": "上高县"
                    },
                    {
                        "value": "宜丰县",
                        "label": "宜丰县"
                    },
                    {
                        "value": "靖安县",
                        "label": "靖安县"
                    },
                    {
                        "value": "铜鼓县",
                        "label": "铜鼓县"
                    },
                    {
                        "value": "丰城市",
                        "label": "丰城市"
                    },
                    {
                        "value": "樟树市",
                        "label": "樟树市"
                    },
                    {
                        "value": "高安市",
                        "label": "高安市"
                    }
                ]
            },
            {
                "value": "抚州市",
                "label": "抚州市",
                "children": [
                    {
                        "value": "临川区",
                        "label": "临川区"
                    },
                    {
                        "value": "南城县",
                        "label": "南城县"
                    },
                    {
                        "value": "黎川县",
                        "label": "黎川县"
                    },
                    {
                        "value": "南丰县",
                        "label": "南丰县"
                    },
                    {
                        "value": "崇仁县",
                        "label": "崇仁县"
                    },
                    {
                        "value": "乐安县",
                        "label": "乐安县"
                    },
                    {
                        "value": "宜黄县",
                        "label": "宜黄县"
                    },
                    {
                        "value": "金溪县",
                        "label": "金溪县"
                    },
                    {
                        "value": "资溪县",
                        "label": "资溪县"
                    },
                    {
                        "value": "东乡区",
                        "label": "东乡区"
                    },
                    {
                        "value": "广昌县",
                        "label": "广昌县"
                    }
                ]
            },
            {
                "value": "上饶市",
                "label": "上饶市",
                "children": [
                    {
                        "value": "信州区",
                        "label": "信州区"
                    },
                    {
                        "value": "广丰区",
                        "label": "广丰区"
                    },
                    {
                        "value": "上饶县",
                        "label": "上饶县"
                    },
                    {
                        "value": "玉山县",
                        "label": "玉山县"
                    },
                    {
                        "value": "铅山县",
                        "label": "铅山县"
                    },
                    {
                        "value": "横峰县",
                        "label": "横峰县"
                    },
                    {
                        "value": "弋阳县",
                        "label": "弋阳县"
                    },
                    {
                        "value": "余干县",
                        "label": "余干县"
                    },
                    {
                        "value": "鄱阳县",
                        "label": "鄱阳县"
                    },
                    {
                        "value": "万年县",
                        "label": "万年县"
                    },
                    {
                        "value": "婺源县",
                        "label": "婺源县"
                    },
                    {
                        "value": "德兴市",
                        "label": "德兴市"
                    }
                ]
            }
        ]
    },
    {
"value": "广东省",
"label": "广东省",
"children": [
{
    "value": "广州市",
    "label": "广州市",
    "children": [
        {
            "value": "荔湾区",
            "label": "荔湾区"
        },
        {
            "value": "越秀区",
            "label": "越秀区"
        },
        {
            "value": "海珠区",
            "label": "海珠区"
        },
        {
            "value": "天河区",
            "label": "天河区"
        },
        {
            "value": "白云区",
            "label": "白云区"
        },
        {
            "value": "黄埔区",
            "label": "黄埔区"
        },
        {
            "value": "番禺区",
            "label": "番禺区"
        },
        {
            "value": "花都区",
            "label": "花都区"
        },
        {
            "value": "南沙区",
            "label": "南沙区"
        },
        {
            "value": "从化区",
            "label": "从化区"
        },
        {
            "value": "增城区",
            "label": "增城区"
        }
    ]
},
{
    "value": "韶关市",
    "label": "韶关市",
    "children": [
        {
            "value": "武江区",
            "label": "武江区"
        },
        {
            "value": "浈江区",
            "label": "浈江区"
        },
        {
            "value": "曲江区",
            "label": "曲江区"
        },
        {
            "value": "始兴县",
            "label": "始兴县"
        },
        {
            "value": "仁化县",
            "label": "仁化县"
        },
        {
            "value": "翁源县",
            "label": "翁源县"
        },
        {
            "value": "乳源瑶族自治县",
            "label": "乳源瑶族自治县"
        },
        {
            "value": "新丰县",
            "label": "新丰县"
        },
        {
            "value": "乐昌市",
            "label": "乐昌市"
        },
        {
            "value": "南雄市",
            "label": "南雄市"
        }
    ]
},
{
    "value": "深圳市",
    "label": "深圳市",
    "children": [
        {
            "value": "罗湖区",
            "label": "罗湖区"
        },
        {
            "value": "福田区",
            "label": "福田区"
        },
        {
            "value": "南山区",
            "label": "南山区"
        },
        {
            "value": "宝安区",
            "label": "宝安区"
        },
        {
            "value": "龙岗区",
            "label": "龙岗区"
        },
        {
            "value": "盐田区",
            "label": "盐田区"
        },
        {
            "value": "龙华区",
            "label": "龙华区"
        },
        {
            "value": "坪山区",
            "label": "坪山区"
        },
        {
            "value": "光明区",
            "label": "光明区"
        }
    ]
},
{
    "value": "珠海市",
    "label": "珠海市",
    "children": [
        {
            "value": "香洲区",
            "label": "香洲区"
        },
        {
            "value": "斗门区",
            "label": "斗门区"
        },
        {
            "value": "金湾区",
            "label": "金湾区"
        }
    ]
},
{
    "value": "汕头市",
    "label": "汕头市",
    "children": [
        {
            "value": "龙湖区",
            "label": "龙湖区"
        },
        {
            "value": "金平区",
            "label": "金平区"
        },
        {
            "value": "濠江区",
            "label": "濠江区"
        },
        {
            "value": "潮阳区",
            "label": "潮阳区"
        },
        {
            "value": "潮南区",
            "label": "潮南区"
        },
        {
            "value": "澄海区",
            "label": "澄海区"
        },
        {
            "value": "南澳县",
            "label": "南澳县"
        }
    ]
},
{
    "value": "佛山市",
    "label": "佛山市",
    "children": [
        {
            "value": "禅城区",
            "label": "禅城区"
        },
        {
            "value": "南海区",
            "label": "南海区"
        },
        {
            "value": "顺德区",
            "label": "顺德区"
        },
        {
            "value": "三水区",
            "label": "三水区"
        },
        {
            "value": "高明区",
            "label": "高明区"
        }
    ]
},
{
    "value": "江门市",
    "label": "江门市",
    "children": [
        {
            "value": "蓬江区",
            "label": "蓬江区"
        },
        {
            "value": "江海区",
            "label": "江海区"
        },
        {
            "value": "新会区",
            "label": "新会区"
        },
        {
            "value": "台山市",
            "label": "台山市"
        },
        {
            "value": "开平市",
            "label": "开平市"
        },
        {
            "value": "鹤山市",
            "label": "鹤山市"
        },
        {
            "value": "恩平市",
            "label": "恩平市"
        }
    ]
},
{
    "value": "湛江市",
    "label": "湛江市",
    "children": [
        {
            "value": "赤坎区",
            "label": "赤坎区"
        },
        {
            "value": "霞山区",
            "label": "霞山区"
        },
        {
            "value": "坡头区",
            "label": "坡头区"
        },
        {
            "value": "麻章区",
            "label": "麻章区"
        },
        {
            "value": "遂溪县",
            "label": "遂溪县"
        },
        {
            "value": "徐闻县",
            "label": "徐闻县"
        },
        {
            "value": "廉江市",
            "label": "廉江市"
        },
        {
            "value": "雷州市",
            "label": "雷州市"
        },
        {
            "value": "吴川市",
            "label": "吴川市"
        }
    ]
},
{
    "value": "茂名市",
    "label": "茂名市",
    "children": [
        {
            "value": "茂南区",
            "label": "茂南区"
        },
        {
            "value": "电白区",
            "label": "电白区"
        },
        {
            "value": "高州市",
            "label": "高州市"
        },
        {
            "value": "化州市",
            "label": "化州市"
        },
        {
            "value": "信宜市",
            "label": "信宜市"
        }
    ]
},
{
    "value": "肇庆市",
    "label": "肇庆市",
    "children": [
        {
            "value": "端州区",
            "label": "端州区"
        },
        {
            "value": "鼎湖区",
            "label": "鼎湖区"
        },
        {
            "value": "广宁县",
            "label": "广宁县"
        },
        {
            "value": "怀集县",
            "label": "怀集县"
        },
        {
            "value": "封开县",
            "label": "封开县"
        },
        {
            "value": "德庆县",
            "label": "德庆县"
        },
        {
            "value": "高要市",
            "label": "高要市"
        },
        {
            "value": "四会市",
            "label": "四会市"
        }
    ]
},
{
    "value": "惠州市",
    "label": "惠州市",
    "children": [
        {
            "value": "惠城区",
            "label": "惠城区"
        },
        {
            "value": "惠阳区",
            "label": "惠阳区"
        },
        {
            "value": "博罗县",
            "label": "博罗县"
        },
        {
            "value": "惠东县",
            "label": "惠东县"
        },
        {
            "value": "龙门县",
            "label": "龙门县"
        }
    ]
},
{
    "value": "梅州市",
    "label": "梅州市",
    "children": [
        {
            "value": "梅江区",
            "label": "梅江区"
        },
        {
            "value": "梅县区",
            "label": "梅县区"
        },
        {
            "value": "大埔县",
            "label": "大埔县"
        },
        {
            "value": "丰顺县",
            "label": "丰顺县"
        },
        {
            "value": "五华县",
            "label": "五华县"
        },
        {
            "value": "平远县",
            "label": "平远县"
        },
        {
            "value": "蕉岭县",
            "label": "蕉岭县"
        },
        {
            "value": "兴宁市",
            "label": "兴宁市"
        }
    ]
},
{
    "value": "汕尾市",
    "label": "汕尾市",
    "children": [
        {
            "value": "城区",
            "label": "城区"
        },
        {
            "value": "海丰县",
            "label": "海丰县"
        },
        {
            "value": "陆河县",
            "label": "陆河县"
        },
        {
            "value": "陆丰市",
            "label": "陆丰市"
        }
    ]
},
{
    "value": "河源市",
    "label": "河源市",
    "children": [
        {
            "value": "源城区",
            "label": "源城区"
        },
        {
            "value": "紫金县",
            "label": "紫金县"
        },
        {
            "value": "龙川县",
            "label": "龙川县"
        },
        {
            "value": "连平县",
            "label": "连平县"
        },
        {
            "value": "和平县",
            "label": "和平县"
        }
    ]
    }
    ]
    },
    {
        "value": "异世界？",
        "label": "异世界？",
        "children":[
            {
                "value": "xxx",
                "label": "xxx",
                "children":[
                    {
                        "value": "xxx",
                        "label": "xxx"
                    }
                ]
            },
            {
                "value": "xxx",
                "label": "xxx",
                "children":[
                    {
                        "value": "xxx",
                        "label": "xxx"
                    }
                ]
            },
            {
                "value": "xxx",
                "label": "xxx",
                "children":[
                    {
                        "value": "xxx",
                        "label": "xxx"
                    }
                ]
            }
        ]
    }
]